name,weight,volume,value
my_sack_2.csv,7.69,7.36,485.24
my_sack_3.csv,2.4,4.25,348.24999999999994
my_sack_1.csv,3.3000000000000003,4.6899999999999995,312.62
